Original Filename,New Filename
tk_image_70_cubert_cubert_cropped.tif,cqQukIURHOq0D44e.tif
bp_image_165_cubert_cubert_cropped.tif,T6hqhQAouPmWJkjQ.tif
tk_image_39_cubert_cubert_cropped.tif,YRWqJbVHKsorw1ZP.tif
ck_image_40_cubert_cubert_cropped.tif,B8BCQ0ZqMkwRT93s.tif
bp_image_46_cubert_cubert_cropped.tif,wtwuYRKDuGtXwH8D.tif
ck_image_62_cubert_cubert_cropped.tif,2SSIUyKLC5gHoCb4.tif
bp_image_74_cubert_cubert_cropped.tif,dA23yurLbmIRouzi.tif
ck_image_59_cubert_cubert_cropped.tif,8MFXbVdKIGVFl3ez.tif
bp_image_16_cubert_cubert_cropped.tif,e8S2A1AcwgZy2YEI.tif
tk_image_73_cubert_cubert_cropped.tif,nqtf88G8JCcgLmzw.tif
bp_image_202_cubert_cubert_cropped.tif,2cWKBbsG8W5ihv01.tif
tk_image_134_cubert_cubert_cropped.tif,VWePKJIz0hTOkHzZ.tif
bp_image_186_cubert_cubert_cropped.tif,QbigRQ3s4y2qLgSi.tif
bp_image_153_cubert_cubert_cropped.tif,4Rn3PN0iEzWLRPcn.tif
tk_image_119_cubert_cubert_cropped.tif,4xSXYrG3olsPpvMv.tif
bp_image_80_cubert_cubert_cropped.tif,v883qeU6DOVkTYlx.tif
bp_image_105_cubert_cubert_cropped.tif,Qd9ywoaM3oKnc2Yi.tif
bp_image_47_cubert_cubert_cropped.tif,pTUOC4nA7LBBj9ia.tif
bp_image_218_cubert_cubert_cropped.tif,VY0rdrARYfvSiQVX.tif
tk_image_38_cubert_cubert_cropped.tif,9QorejZlINx7WPXS.tif
tk_image_112_cubert_cubert_cropped.tif,HKKA6LmTsSoXyQ5v.tif
bp_image_198_cubert_cubert_cropped.tif,KQhVhCRkFAYO57on.tif
bp_image_152_cubert_cubert_cropped.tif,hQgZO7fFHQPKCJuF.tif
bp_image_93_cubert_cubert_cropped.tif,cbNWLTV32hrjIGBh.tif
tk_image_109_cubert_cubert_cropped.tif,rkYa3qe09N2wH6AM.tif
tk_image_121_cubert_cubert_cropped.tif,RGNQe5P3Ai7fXL0L.tif
bp_image_167_cubert_cubert_cropped.tif,0RrsyjQlpn969hki.tif
ck_image_33_cubert_cubert_cropped.tif,QCijTlEcTNMLxePe.tif
bp_image_94_cubert_cubert_cropped.tif,MXrDP2rpcHg7zglq.tif
tk_image_177_cubert_cubert_cropped.tif,irCkfMMlQUeXX7bP.tif
tk_image_158_cubert_cubert_cropped.tif,sgCEzVk2agfa2bgt.tif
tk_image_128_cubert_cubert_cropped.tif,Im1QiesqHV5MDHuu.tif
tk_image_139_cubert_cubert_cropped.tif,vTLig63FqMnH1wMJ.tif
tk_image_69_cubert_cubert_cropped.tif,OO49ixt3GRAAE70g.tif
bp_image_229_cubert_cubert_cropped.tif,X66SFFSdk8bBwvq9.tif
bp_image_219_cubert_cubert_cropped.tif,XFtc7BcASDta1Q1a.tif
bp_image_163_cubert_cubert_cropped.tif,SRn6AsAm8qrWiWW2.tif
bp_image_195_cubert_cubert_cropped.tif,NUqg99v4NWUqObMi.tif
tk_image_56_cubert_cubert_cropped.tif,fcdLVKDw7B006vpu.tif
bp_image_35_cubert_cubert_cropped.tif,ejzitwOkvMZL89dp.tif
tk_image_53_cubert_cubert_cropped.tif,GjrLQOoKtERjaXJ4.tif
tk_image_187_cubert_cubert_cropped.tif,TE9G6H94W74oxvYy.tif
tk_image_30_cubert_cubert_cropped.tif,tEIXvaA9KGZM0czl.tif
tk_image_169_cubert_cubert_cropped.tif,mF7KClj2PNMWzMkJ.tif
tk_image_126_cubert_cubert_cropped.tif,IwiNDGjk1XcMVZV2.tif
ck_image_41_cubert_cubert_cropped.tif,wpuGggORUspR39ht.tif
tk_image_75_cubert_cubert_cropped.tif,yZRCaMMqy1LrsnYr.tif
ck_image_39_cubert_cubert_cropped.tif,92GIqcPlqwv74j5F.tif
bp_image_220_cubert_cubert_cropped.tif,NICdrIodk08XRiPy.tif
tk_image_99_cubert_cubert_cropped.tif,q2edka305Y6q3Nv2.tif
bp_image_201_cubert_cubert_cropped.tif,EdptUxDSnhoLSoxm.tif
tk_image_156_cubert_cubert_cropped.tif,kQkDSScJE1yU1B79.tif
bp_image_144_cubert_cubert_cropped.tif,nQ9gXu5oK7eddeP2.tif
bp_image_85_cubert_cubert_cropped.tif,ujq5TsymA1ihFnBT.tif
tk_image_13_cubert_cubert_cropped.tif,JQLzGnf4iaS95BzR.tif
bp_image_206_cubert_cubert_cropped.tif,p8PWXuDpPdnLGuAq.tif
bp_image_95_cubert_cubert_cropped.tif,11XSw5rhwJymFDm4.tif
tk_image_136_cubert_cubert_cropped.tif,YgMshrEXPmUGKVjn.tif
bp_image_151_cubert_cubert_cropped.tif,C3dWJ24wkAa3XtF6.tif
ck_image_35_cubert_cubert_cropped.tif,RLUIMSC1rcnTp8VP.tif
bp_image_60_cubert_cubert_cropped.tif,TnozFSKCaZAXJ2Qo.tif
tk_image_20_cubert_cubert_cropped.tif,L87hrDFQxPzW4E4T.tif
bp_image_124_cubert_cubert_cropped.tif,GjRV5mIoVDzxcUOg.tif
bp_image_216_cubert_cubert_cropped.tif,5ztw7wcc8iWaRpVy.tif
bp_image_199_cubert_cubert_cropped.tif,NUlFVFlVbTm9384O.tif
tk_image_67_cubert_cubert_cropped.tif,J5jw4wSM3Ujp6a2z.tif
ck_image_71_cubert_cubert_cropped.tif,jtk0oOORSMku06IU.tif
tk_image_162_cubert_cubert_cropped.tif,C1lYwxds16E0anKK.tif
ck_image_68_cubert_cubert_cropped.tif,P0x4SvnbS218h1TH.tif
bp_image_164_cubert_cubert_cropped.tif,nATAZeu2BuTkysUJ.tif
tk_image_52_cubert_cubert_cropped.tif,Uxdr471luw3oWHUX.tif
tk_image_6_cubert_cubert_cropped.tif,aJUrv70ExEWO3Too.tif
tk_image_131_cubert_cubert_cropped.tif,gy39jz8dpWVzOyyq.tif
bp_image_139_cubert_cubert_cropped.tif,j1KZfydW2kDgLvQJ.tif
tk_image_32_cubert_cubert_cropped.tif,Hyc7Z1lc2Xz0MFBv.tif
bp_image_50_cubert_cubert_cropped.tif,J48QPDSK696lGa4O.tif
tk_image_15_cubert_cubert_cropped.tif,DCEHtwn3QeHz6usP.tif
tk_image_41_cubert_cubert_cropped.tif,h6Mc332nO8vX1D4m.tif
tk_image_141_cubert_cubert_cropped.tif,EjGoFltR7irL1CpH.tif
bp_image_71_cubert_cubert_cropped.tif,Vx8smm8yZI8LDox9.tif
bp_image_54_cubert_cubert_cropped.tif,bXJACtjHiwU0rjK6.tif
tk_image_85_cubert_cubert_cropped.tif,rXMdgT6MMgl3rDOp.tif
bp_image_96_cubert_cubert_cropped.tif,rnlRWDvxfv5uvb82.tif
bp_image_159_cubert_cubert_cropped.tif,k6k8IX9MfI30vH0P.tif
ck_image_70_cubert_cubert_cropped.tif,IxicPn1vq1jh4Jkz.tif
bp_image_145_cubert_cubert_cropped.tif,XaPy8Wc4atuwgtAp.tif
bp_image_36_cubert_cubert_cropped.tif,sbQcUprm5jsllUAU.tif
bp_image_69_cubert_cubert_cropped.tif,RrqAernAtgh9bpzG.tif
tk_image_160_cubert_cubert_cropped.tif,7AUfQVlRBRhORQOv.tif
ck_image_66_cubert_cubert_cropped.tif,4JinDoFMH8MwP78B.tif
ck_image_52_cubert_cubert_cropped.tif,9BAFXTdwk7pZ1i4K.tif
bp_image_17_cubert_cubert_cropped.tif,zc8lhAPcBihfYvNq.tif
bp_image_223_cubert_cubert_cropped.tif,9YxigCDJ9WumhY5i.tif
bp_image_97_cubert_cubert_cropped.tif,qhX1RDuxNcCogf7e.tif
bp_image_130_cubert_cubert_cropped.tif,4c3e4HRz5uhxJSNe.tif
ck_image_53_cubert_cubert_cropped.tif,3GB619MkDZsFReLr.tif
bp_image_180_cubert_cubert_cropped.tif,oIZY2txhMyq1kEAD.tif
ck_image_60_cubert_cubert_cropped.tif,FaoYYLwFsONH04tQ.tif
ck_image_50_cubert_cubert_cropped.tif,FCUxG5xmhnxc8fdW.tif
tk_image_34_cubert_cubert_cropped.tif,PMhCSjo3O8Jgp9lx.tif
bp_image_42_cubert_cubert_cropped.tif,UE4bakzcd8lxXDA7.tif
bp_image_162_cubert_cubert_cropped.tif,mC2hH6XoppZ4SU7N.tif
tk_image_185_cubert_cubert_cropped.tif,CnbdBIRTf4YiKaMk.tif
tk_image_142_cubert_cubert_cropped.tif,hfaOElmjbuwO4WHj.tif
bp_image_30_cubert_cubert_cropped.tif,pjBY86CqzPr9LJpY.tif
bp_image_65_cubert_cubert_cropped.tif,dzHEowQeat6UzGjz.tif
bp_image_173_cubert_cubert_cropped.tif,goRlaEtKutoG5szN.tif
bp_image_107_cubert_cubert_cropped.tif,igREfz33uLlDYlhq.tif
bp_image_58_cubert_cubert_cropped.tif,vkN3ip9LbQZd1OcO.tif
tk_image_68_cubert_cubert_cropped.tif,KDEzfXdTsBsJXcSu.tif
tk_image_105_cubert_cubert_cropped.tif,qbdzQMFmjWPsdtrc.tif
ck_image_63_cubert_cubert_cropped.tif,ImIRXGHU7gcs9az0.tif
bp_image_43_cubert_cubert_cropped.tif,SuTmURMNTdHyDV3L.tif
ck_image_65_cubert_cubert_cropped.tif,Ga83yWk4ipKrO35X.tif
bp_image_40_cubert_cubert_cropped.tif,GuMPdI4LET8URa69.tif
bp_image_45_cubert_cubert_cropped.tif,ODx2yVGO1WqYGtSw.tif
bp_image_135_cubert_cubert_cropped.tif,oiXWaV4DCHf3sBui.tif
tk_image_111_cubert_cubert_cropped.tif,h7JFpBLEc4jw2DsT.tif
bp_image_51_cubert_cubert_cropped.tif,407JXJhSSQF7Qqfa.tif
tk_image_113_cubert_cubert_cropped.tif,GNXOsReLW62ycuZ2.tif
tk_image_80_cubert_cubert_cropped.tif,FzYZm4RJjzXfkiao.tif
bp_image_88_cubert_cubert_cropped.tif,TXoXjjRcXnFcslVh.tif
bp_image_190_cubert_cubert_cropped.tif,TLLfhP7uxaFEePkK.tif
bp_image_84_cubert_cubert_cropped.tif,m5fNteIjixGoSsWs.tif
ck_image_31_cubert_cubert_cropped.tif,5SzAO1xBjHcZPwwD.tif
tk_image_49_cubert_cubert_cropped.tif,QysYQ7A9PLf7VAep.tif
ck_image_36_cubert_cubert_cropped.tif,Kcfd6VZcBWEGBEaS.tif
tk_image_87_cubert_cubert_cropped.tif,iCwr4VYQvDGn02ks.tif
bp_image_179_cubert_cubert_cropped.tif,GqqTfG6gpoZ2McqG.tif
tk_image_172_cubert_cubert_cropped.tif,k3fYkMqTyJZ6c0Pi.tif
tk_image_12_cubert_cubert_cropped.tif,DwueoYifSjmfXGVi.tif
tk_image_51_cubert_cubert_cropped.tif,0vieqztgDGD7mS6i.tif
bp_image_23_cubert_cubert_cropped.tif,4crHdwVfvILL6QLq.tif
tk_image_104_cubert_cubert_cropped.tif,mRBqLb7fGXOF4QLL.tif
tk_image_114_cubert_cubert_cropped.tif,vXNYfdjTMoUntW49.tif
tk_image_71_cubert_cubert_cropped.tif,BHEPlWLDt0ypThUz.tif
bp_image_62_cubert_cubert_cropped.tif,ZaTiQuqQbY2h06rM.tif
bp_image_140_cubert_cubert_cropped.tif,eh0T2LO5YQ2LGfRV.tif
tk_image_150_cubert_cubert_cropped.tif,1oprCxHTfSBJ80Nq.tif
bp_image_196_cubert_cubert_cropped.tif,hRhvE8PK8yVzCyWE.tif
bp_image_128_cubert_cubert_cropped.tif,ZMgyAcx5YbQWd1zh.tif
tk_image_175_cubert_cubert_cropped.tif,a0QJMAZTjYI11geY.tif
tk_image_152_cubert_cubert_cropped.tif,UfgAsmJ4irW8gu6I.tif
bp_image_90_cubert_cubert_cropped.tif,jXyol9Gvth4jdqVs.tif
bp_image_110_cubert_cubert_cropped.tif,eVrZ6P9Ucsorkd33.tif
bp_image_109_cubert_cubert_cropped.tif,B1EhzklMJtoebaem.tif
bp_image_53_cubert_cubert_cropped.tif,XnYkJLwlUJB7xSt8.tif
bp_image_82_cubert_cubert_cropped.tif,SC2jurCbyjlwBOSD.tif
tk_image_168_cubert_cubert_cropped.tif,AUXqy3f0cHz4Dk4h.tif
ck_image_34_cubert_cubert_cropped.tif,ozu4V2xQ84SpL2up.tif
bp_image_158_cubert_cubert_cropped.tif,uLGArlmUHFaa92gd.tif
ck_image_61_cubert_cubert_cropped.tif,m2449B7eURTOHohx.tif
tk_image_137_cubert_cubert_cropped.tif,WXDIiiViTw6rql16.tif
tk_image_165_cubert_cubert_cropped.tif,yv4GfeCVOYrKTbmN.tif
bp_image_150_cubert_cubert_cropped.tif,Gywy9hjo5i94B5xb.tif
tk_image_17_cubert_cubert_cropped.tif,e6SDTAwIJSHVzWIS.tif
tk_image_5_cubert_cubert_cropped.tif,xZi8oI0d6sPxvWCB.tif
ck_image_72_cubert_cubert_cropped.tif,gYo8HUDCO0iWj8Em.tif
bp_image_155_cubert_cubert_cropped.tif,A9x3JdRyS1etRnuZ.tif
ck_image_57_cubert_cubert_cropped.tif,Ax7G3fP1iXpBcTHY.tif
tk_image_84_cubert_cubert_cropped.tif,9NPf4o5oA00f9f2H.tif
tk_image_14_cubert_cubert_cropped.tif,A16V8pTn0QAkujZi.tif
tk_image_10_cubert_cubert_cropped.tif,fo0F2W5kKd00UOCH.tif
tk_image_127_cubert_cubert_cropped.tif,Jc23yD8HwP4A8lFu.tif
tk_image_64_cubert_cubert_cropped.tif,dLWqFwopIJBLdrtK.tif
tk_image_148_cubert_cubert_cropped.tif,Ro7HnZoD0EKVglBD.tif
tk_image_54_cubert_cubert_cropped.tif,4DQ4CSKE0Lk7GCEQ.tif
tk_image_60_cubert_cubert_cropped.tif,e5MnkiVrcIEaApAf.tif
tk_image_159_cubert_cubert_cropped.tif,mdoMKgcmoEc6dady.tif
bp_image_89_cubert_cubert_cropped.tif,zpfwveteHFmUoll8.tif
bp_image_99_cubert_cubert_cropped.tif,tF4UngJxO63TTzuu.tif
bp_image_213_cubert_cubert_cropped.tif,vgvOSPwmzyNxFUTq.tif
tk_image_190_cubert_cubert_cropped.tif,W1sgAVsHVwh5MChV.tif
bp_image_66_cubert_cubert_cropped.tif,XRm6A9m2JJz3WcS0.tif
bp_image_176_cubert_cubert_cropped.tif,wSag2W4y1eUiKWrL.tif
tk_image_171_cubert_cubert_cropped.tif,rjIyuhZGhk3eA86J.tif
tk_image_176_cubert_cubert_cropped.tif,4DdmU0zMFSKGNBSo.tif
tk_image_22_cubert_cubert_cropped.tif,80B8zWQFob5Y6SXE.tif
bp_image_209_cubert_cubert_cropped.tif,WNpWS4YvNrrExaMK.tif
tk_image_94_cubert_cubert_cropped.tif,roVrMWJWLj3G0Lgf.tif
bp_image_78_cubert_cubert_cropped.tif,3LcreqrpyLHaIrFX.tif
bp_image_116_cubert_cubert_cropped.tif,lpKrgmzQBjRVO6iQ.tif
bp_image_182_cubert_cubert_cropped.tif,l4h9TvZMeEffcNgS.tif
tk_image_153_cubert_cubert_cropped.tif,MGBGM0bfaBNjOfQC.tif
tk_image_4_cubert_cubert_cropped.tif,3BjhpNud35Yp3S8W.tif
bp_image_115_cubert_cubert_cropped.tif,HPehiRRIUzSWeFs1.tif
bp_image_205_cubert_cubert_cropped.tif,GtcAXLHNe68nWaek.tif
tk_image_130_cubert_cubert_cropped.tif,ii8aBbBc4bo3uPLA.tif
ck_image_37_cubert_cubert_cropped.tif,JLxwWb5HNy1zxhOy.tif
ck_image_73_cubert_cubert_cropped.tif,hBbZwBIKoe8tsFqj.tif
bp_image_29_cubert_cubert_cropped.tif,iGqsMnvw4kB2eUoX.tif
tk_image_146_cubert_cubert_cropped.tif,b8h4xMTB2c9hJBWC.tif
bp_image_184_cubert_cubert_cropped.tif,4wt2GS1mdmHz32i8.tif
ck_image_42_cubert_cubert_cropped.tif,UTnAYG1s3fNkAKAP.tif
tk_image_36_cubert_cubert_cropped.tif,aZ7hAaWeGFcRo5lc.tif
bp_image_68_cubert_cubert_cropped.tif,Vwiv2QQLHiDOidsR.tif
ck_image_32_cubert_cubert_cropped.tif,edePhuhw2g5bhht4.tif
tk_image_23_cubert_cubert_cropped.tif,PXlYCptGZnXriyVt.tif
tk_image_37_cubert_cubert_cropped.tif,aQ7JdzNbhcN64Tjh.tif
tk_image_116_cubert_cubert_cropped.tif,8ZtUEKIRqBtKyxwB.tif
tk_image_118_cubert_cubert_cropped.tif,StMjjEVYES04iZFg.tif
bp_image_21_cubert_cubert_cropped.tif,0gbF1wCtT8Fpw1vX.tif
bp_image_168_cubert_cubert_cropped.tif,UDEPAwDPrT9GFfzW.tif
bp_image_91_cubert_cubert_cropped.tif,s6yH4afkSBmw7vwr.tif
bp_image_61_cubert_cubert_cropped.tif,Fpcd0Lt7niGQMUre.tif
bp_image_87_cubert_cubert_cropped.tif,4MUDvweDKGFmiwaq.tif
tk_image_103_cubert_cubert_cropped.tif,NtzEwfQ346p4FgTn.tif
tk_image_1_cubert_cubert_cropped.tif,lVr7s4HT3OH9ITif.tif
tk_image_101_cubert_cubert_cropped.tif,mW0pDqd0EpmBsR9b.tif
tk_image_110_cubert_cubert_cropped.tif,2vte5hBXuCyznnCN.tif
bp_image_125_cubert_cubert_cropped.tif,s7HoaFopnGRPnm7t.tif
rot96tk_image_75_cubert_cubert_cropped.tif,s9JTd8rqcst7Qt5a.tif
bp_image_222_cubert_cubert_cropped.tif,HG4KU7XlO7buKtyy.tif
tk_image_154_cubert_cubert_cropped.tif,SlO4SGAWl5DkDyyl.tif
bp_image_129_cubert_cubert_cropped.tif,DKtYvSkEp6tqzMgl.tif
tk_image_46_cubert_cubert_cropped.tif,wg9SSVI14OZn7VRa.tif
tk_image_186_cubert_cubert_cropped.tif,Qglvs5e8xJMuRmck.tif
bp_image_221_cubert_cubert_cropped.tif,3xGlSUARxKBZRd8r.tif
bp_image_122_cubert_cubert_cropped.tif,Ma9PMNiI6ZQKsLtZ.tif
tk_image_29_cubert_cubert_cropped.tif,FRiqmsgXBtUcGfWI.tif
bp_image_214_cubert_cubert_cropped.tif,knnUnhs3wPSsiopH.tif
tk_image_19_cubert_cubert_cropped.tif,tORfGE5egMh7S2Tw.tif
bp_image_38_cubert_cubert_cropped.tif,R2YBMGgQz2ETIoyw.tif
bp_image_156_cubert_cubert_cropped.tif,mXckwm7Vw0obvFBU.tif
bp_image_192_cubert_cubert_cropped.tif,Fwr0QBm13s1MjKrk.tif
ck_image_56_cubert_cubert_cropped.tif,qlVp0sHIc03YBrwh.tif
tk_image_26_cubert_cubert_cropped.tif,64UUiFBQVybp899O.tif
bp_image_137_cubert_cubert_cropped.tif,nQCRD8XgqVhrnmKM.tif
tk_image_100_cubert_cubert_cropped.tif,OCnTBhiteAwGphd9.tif
bp_image_70_cubert_cubert_cropped.tif,aoL0I9ZbMGRW3fBH.tif
bp_image_37_cubert_cubert_cropped.tif,YU2Dca92yl9DcQ7n.tif
bp_image_24_cubert_cubert_cropped.tif,IQH5pFAtRznS8pBc.tif
bp_image_27_cubert_cubert_cropped.tif,bBjE7v9PZMxzLS83.tif
bp_image_101_cubert_cubert_cropped.tif,beUo6F6WGDQUV39Y.tif
bp_image_79_cubert_cubert_cropped.tif,1mKHtARiWqAFHGSc.tif
bp_image_127_cubert_cubert_cropped.tif,vncJkBPWvdkxSlDz.tif
ck_image_48_cubert_cubert_cropped.tif,k7DMVbWDs0i33HHv.tif
tk_image_138_cubert_cubert_cropped.tif,xayafBUGFbOtnIu7.tif
tk_image_77_cubert_cubert_cropped.tif,YwYtqi58xyHDfOVm.tif
bp_image_98_cubert_cubert_cropped.tif,JzUxExqiAHxX2PhZ.tif
tk_image_147_cubert_cubert_cropped.tif,SgTd724RaFjWnww8.tif
bp_image_211_cubert_cubert_cropped.tif,0KJMbwFDbxTED2o1.tif
bp_image_72_cubert_cubert_cropped.tif,HOzW2713PRzEFlZO.tif
ck_image_29_cubert_cubert_cropped.tif,xvRAislsITnZG6x7.tif
bp_image_191_cubert_cubert_cropped.tif,1q4HpyNAVTF0xLiJ.tif
bp_image_32_cubert_cubert_cropped.tif,lwqOawBJ0in2hmeH.tif
tk_image_161_cubert_cubert_cropped.tif,jQOe3JPjE16MGRVb.tif
tk_image_96_cubert_cubert_cropped.tif,l5HbSL64sn4qCQWh.tif
tk_image_89_cubert_cubert_cropped.tif,OWHtsxqRC20qEukC.tif
ck_image_30_cubert_cubert_cropped.tif,b603BPGnKcjK1iHI.tif
bp_image_118_cubert_cubert_cropped.tif,MvYQkeAo0L0HtvEX.tif
bp_image_49_cubert_cubert_cropped.tif,Es7538ftolFrqi0w.tif
bp_image_119_cubert_cubert_cropped.tif,RPuWGQrWiXOUj5AO.tif
tk_image_135_cubert_cubert_cropped.tif,bvBZOXaayYL3pfo1.tif
tk_image_28_cubert_cubert_cropped.tif,oszvKxDY3kzEzfos.tif
tk_image_31_cubert_cubert_cropped.tif,jN0huQHrwSGIiwHG.tif
tk_image_45_cubert_cubert_cropped.tif,pEIOy9jHFX3Or2rO.tif
bp_image_106_cubert_cubert_cropped.tif,aOgxhqQ1PmrZppdz.tif
tk_image_7_cubert_cubert_cropped.tif,IFUG2ihbtzQQXB92.tif
bp_image_64_cubert_cubert_cropped.tif,JgiGgT1HxBChq2NH.tif
bp_image_33_cubert_cubert_cropped.tif,3FB1LM347UBoAe7M.tif
tk_image_164_cubert_cubert_cropped.tif,cCJdlylBOqA0HZ1f.tif
tk_image_125_cubert_cubert_cropped.tif,lcMvo76S8OSTobhS.tif
bp_image_225_cubert_cubert_cropped.tif,QPIBDNzvHpkblKaP.tif
bp_image_55_cubert_cubert_cropped.tif,Im2JagXSDObo7NE0.tif
tk_image_95_cubert_cubert_cropped.tif,7GMtcSDW7E1qEeTZ.tif
tk_image_145_cubert_cubert_cropped.tif,r681OwcEMj7rYigz.tif
tk_image_155_cubert_cubert_cropped.tif,Z1j7Fc4szQtOu4Y1.tif
tk_image_63_cubert_cubert_cropped.tif,pKYoznaNVhaZKVxG.tif
bp_image_77_cubert_cubert_cropped.tif,fmh5RGuZGWlqDEM3.tif
bp_image_18_cubert_cubert_cropped.tif,9nkS3K1vBJWQr30w.tif
bp_image_177_cubert_cubert_cropped.tif,tv7WHYiNHnN8pCrq.tif
bp_image_146_cubert_cubert_cropped.tif,ZiQmbhR8ti17HDYH.tif
bp_image_117_cubert_cubert_cropped.tif,9hBZUq9qFSUXnoBE.tif
bp_image_56_cubert_cubert_cropped.tif,67X19SAfSeUMgeMh.tif
tk_image_9_cubert_cubert_cropped.tif,8RlhpteO64VmcIS2.tif
bp_image_126_cubert_cubert_cropped.tif,A76iCTC10MHWpFwd.tif
ck_image_28_cubert_cubert_cropped.tif,HKSTOCyfWf7HwM6w.tif
ck_image_75_cubert_cubert_cropped.tif,kyiF6Kiqzt6HNxzW.tif
bp_image_136_cubert_cubert_cropped.tif,Xpf6BFKkjvRCbiPx.tif
bp_image_57_cubert_cubert_cropped.tif,vQ2mNGFmt9CgQF8l.tif
bp_image_28_cubert_cubert_cropped.tif,P4o9oM3Xfq8hxLq2.tif
tk_image_86_cubert_cubert_cropped.tif,2h54mwvhcXfoi0LL.tif
bp_image_52_cubert_cubert_cropped.tif,C2pwYiYyGQymZOUe.tif
bp_image_148_cubert_cubert_cropped.tif,JtABBB0dtvid05AJ.tif
tk_image_173_cubert_cubert_cropped.tif,ea9Ha3JZKNLFVA6b.tif
tk_image_106_cubert_cubert_cropped.tif,0LGLAPjGhLVWeMt1.tif
bp_image_194_cubert_cubert_cropped.tif,TPWCvC6N1Q9p9b8a.tif
bp_image_120_cubert_cubert_cropped.tif,U00C2zoJ8VzxcqB7.tif
ck_image_47_cubert_cubert_cropped.tif,XiMUvocVeqO8jO3T.tif
tk_image_181_cubert_cubert_cropped.tif,HQmHAVoKkUA2UFjG.tif
tk_image_59_cubert_cubert_cropped.tif,2Xas5fFTOeikAmnr.tif
bp_image_187_cubert_cubert_cropped.tif,iO1wiE1jUWChIU4d.tif
tk_image_62_cubert_cubert_cropped.tif,vdR18sWHhCqsJnk3.tif
bp_image_208_cubert_cubert_cropped.tif,7jWOBA1lBlMRjiAC.tif
tk_image_81_cubert_cubert_cropped.tif,TyrLvBQuq9dexs4t.tif
bp_image_224_cubert_cubert_cropped.tif,FkPWLCIj5z20LQN7.tif
tk_image_93_cubert_cubert_cropped.tif,IFOMXSG3VHEQWSNG.tif
bp_image_169_cubert_cubert_cropped.tif,U6eagGGzuGTofTIU.tif
tk_image_8_cubert_cubert_cropped.tif,KZUBnxcTwZljIMo3.tif
bp_image_26_cubert_cubert_cropped.tif,cT5nAdSZyWxJjAD8.tif
tk_image_78_cubert_cubert_cropped.tif,M4pJiiS3Z0pemv1N.tif
tk_image_79_cubert_cubert_cropped.tif,eyZKoePujWdquxPu.tif
tk_image_91_cubert_cubert_cropped.tif,0JiX4f497tdVUHSR.tif
bp_image_171_cubert_cubert_cropped.tif,SPFkYvPXUmQe95UO.tif
bp_image_111_cubert_cubert_cropped.tif,9qDVU4CvfTa0y7bV.tif
tk_image_149_cubert_cubert_cropped.tif,EZKQI8ghWCSPobo8.tif
tk_image_35_cubert_cubert_cropped.tif,M1LR05mYQhFt35Sq.tif
tk_image_108_cubert_cubert_cropped.tif,708yaDhs4YnGkpjR.tif
bp_image_193_cubert_cubert_cropped.tif,xzeatb51s2aWvqOl.tif
bp_image_138_cubert_cubert_cropped.tif,CSxhxeFjaG3JFhOi.tif
tk_image_44_cubert_cubert_cropped.tif,LxB1TqaQwtO4ZAzT.tif
tk_image_72_cubert_cubert_cropped.tif,xv3SdcEmJc87sq3T.tif
bp_image_217_cubert_cubert_cropped.tif,rHTtngwV3OsZwcND.tif
tk_image_129_cubert_cubert_cropped.tif,LqsFzNaqWKXNCRpO.tif
bp_image_59_cubert_cubert_cropped.tif,316TzdufAcB6xhYZ.tif
bp_image_174_cubert_cubert_cropped.tif,Vkn64g4WgdWvzql3.tif
tk_image_124_cubert_cubert_cropped.tif,Pi2T7HwBhu65hQtZ.tif
bp_image_131_cubert_cubert_cropped.tif,4mOjcDsvRvU0fYQu.tif
tk_image_55_cubert_cubert_cropped.tif,X43ZYfJ0kafndwsr.tif
tk_image_179_cubert_cubert_cropped.tif,C8QQbClOY6FmMkx0.tif
bp_image_34_cubert_cubert_cropped.tif,vxY87R2NSV2LmcIi.tif
bp_image_48_cubert_cubert_cropped.tif,g5zYYGCFAB7BYOwx.tif
tk_image_42_cubert_cubert_cropped.tif,hgrVhBdEvQE5Ju5m.tif
tk_image_16_cubert_cubert_cropped.tif,tqJRbqd6N0WfXis1.tif
tk_image_183_cubert_cubert_cropped.tif,QGo3YggvDBj7Xvmr.tif
bp_image_73_cubert_cubert_cropped.tif,4PrL7DkOAuN1RPaF.tif
tk_image_82_cubert_cubert_cropped.tif,c91hmKf79EGFiyNs.tif
tk_image_178_cubert_cubert_cropped.tif,ywXWiQ9e0upzflS6.tif
bp_image_230_cubert_cubert_cropped.tif,vuktKRpcS4QyM1pW.tif
ck_image_54_cubert_cubert_cropped.tif,f29e0HHCzsiuJSgX.tif
ck_image_69_cubert_cubert_cropped.tif,94SJ8vcDzKtDx2Tg.tif
tk_image_83_cubert_cubert_cropped.tif,NEFApLro8wZ71gzx.tif
bp_image_133_cubert_cubert_cropped.tif,Buhv6up83P15g2IV.tif
tk_image_98_cubert_cubert_cropped.tif,TcErHF7oaMDL6oF3.tif
bp_image_86_cubert_cubert_cropped.tif,rOw1FnupkaE78yGy.tif
tk_image_157_cubert_cubert_cropped.tif,tHEn2CihVgFoWo4H.tif
tk_image_27_cubert_cubert_cropped.tif,YD1nuCd3gJwVmgKi.tif
ck_image_58_cubert_cubert_cropped.tif,RwRtzXnunOFRYWp8.tif
tk_image_107_cubert_cubert_cropped.tif,jTUagCiITw7MHxGG.tif
bp_image_92_cubert_cubert_cropped.tif,JgAh3REeNqU1ELyl.tif
tk_image_166_cubert_cubert_cropped.tif,pty2cxVIwrazKXC5.tif
tk_image_90_cubert_cubert_cropped.tif,bz0sp2Mu9mqN76XU.tif
bp_image_63_cubert_cubert_cropped.tif,CBmG7Yow4a326kh4.tif
bp_image_76_cubert_cubert_cropped.tif,2m7dXk8iyOdZbXn0.tif
tk_image_47_cubert_cubert_cropped.tif,OkpQBgLpI6OC8Sa2.tif
bp_image_22_cubert_cubert_cropped.tif,GIcn9yO08jhuuZQ3.tif
bp_image_161_cubert_cubert_cropped.tif,mXFFt6d9A8Pc2VGl.tif
bp_image_197_cubert_cubert_cropped.tif,KDnKMllS5ESFievw.tif
bp_image_100_cubert_cubert_cropped.tif,6WIgoxh4yP8686J3.tif
ck_image_55_cubert_cubert_cropped.tif,N5B9IRSJU8I6KJWQ.tif
tk_image_88_cubert_cubert_cropped.tif,I2ByiitPlEBYWdje.tif
tk_image_144_cubert_cubert_cropped.tif,mOYDn0aztRt8aGkg.tif
tk_image_21_cubert_cubert_cropped.tif,0MohNPL2HDlIB3v6.tif
tk_image_188_cubert_cubert_cropped.tif,gm1vF2016M2qpYit.tif
ck_image_43_cubert_cubert_cropped.tif,vkpYadZvF2PWKLVL.tif
bp_image_228_cubert_cubert_cropped.tif,zggRlVChWWvOGIFO.tif
tk_image_167_cubert_cubert_cropped.tif,ZedwoL1yTecHXWW8.tif
bp_image_141_cubert_cubert_cropped.tif,gtPi3szAc8zWtHsN.tif
bp_image_25_cubert_cubert_cropped.tif,ngkBn4PFT7xYENzg.tif
tk_image_133_cubert_cubert_cropped.tif,r0TQPNzOfexhJZ6J.tif
bp_image_188_cubert_cubert_cropped.tif,LwUSI24c6CWMWbEz.tif
ck_image_51_cubert_cubert_cropped.tif,nUKEEwBux0prot8F.tif
tk_image_132_cubert_cubert_cropped.tif,tRRcIAFzQPZeZZsM.tif
bp_image_227_cubert_cubert_cropped.tif,Kf4QtqUJ19RlIWgk.tif
ck_image_38_cubert_cubert_cropped.tif,cbzZTZ7OsnMxqfJ3.tif
tk_image_25_cubert_cubert_cropped.tif,HyYBTFhFsjMU4Tg2.tif
ck_image_46_cubert_cubert_cropped.tif,a1JQy9ca8QfK7yuv.tif
ck_image_74_cubert_cubert_cropped.tif,VpIeSq6KDw3ViMk5.tif
tk_image_24_cubert_cubert_cropped.tif,n5FwV9kJDmYYQykQ.tif
bp_image_204_cubert_cubert_cropped.tif,VLaVTAcGaebEl4YU.tif
bp_image_112_cubert_cubert_cropped.tif,B76juRS5XkKWTkQ4.tif
bp_image_185_cubert_cubert_cropped.tif,YTYDDIHQ5iMVxnGh.tif
bp_image_108_cubert_cubert_cropped.tif,luDaMyTD3kXWPVUm.tif
bp_image_160_cubert_cubert_cropped.tif,pcU2GQzk0q057PIb.tif
tk_image_50_cubert_cubert_cropped.tif,7xqSZkpNtPAZXh40.tif
tk_image_58_cubert_cubert_cropped.tif,DrwMIEtQsI5l64s0.tif
tk_image_97_cubert_cubert_cropped.tif,gGKEZ6cNSKvvVVkL.tif
bp_image_103_cubert_cubert_cropped.tif,ExQbrj7Msl8NLkxS.tif
bp_image_67_cubert_cubert_cropped.tif,YkiCnkaI1SfVu27T.tif
tk_image_189_cubert_cubert_cropped.tif,2Y10CgAsvn1G1Z6l.tif
tk_image_143_cubert_cubert_cropped.tif,aCb3yeA1m4zfqMxw.tif
bp_image_104_cubert_cubert_cropped.tif,TKlfzMz0rMTyPeD3.tif
bp_image_132_cubert_cubert_cropped.tif,EhHhsGvzum0aa9DH.tif
tk_image_0_cubert_cubert_cropped.tif,Qs88fIiGTKkdwXq2.tif
tk_image_61_cubert_cubert_cropped.tif,kQXenOBzgozuRCGz.tif
tk_image_2_cubert_cubert_cropped.tif,9yZSmeaonf55eFNM.tif
bp_image_189_cubert_cubert_cropped.tif,uZpRAtveTrppFJrs.tif
tk_image_122_cubert_cubert_cropped.tif,akxZQMaqFIVQyePR.tif
bp_image_203_cubert_cubert_cropped.tif,2DVgqliP3sG0dVqY.tif
tk_image_18_cubert_cubert_cropped.tif,k31CzgmdsJnMFSdl.tif
bp_image_31_cubert_cubert_cropped.tif,qkVe7k84oWe3tQw3.tif
bp_image_215_cubert_cubert_cropped.tif,0POLuoEUpMtp3kUr.tif
tk_image_33_cubert_cubert_cropped.tif,Fu8mn68ia2RAfRE0.tif
bp_image_39_cubert_cubert_cropped.tif,xY9NdcNCA2dbsdbU.tif
tk_image_74_cubert_cubert_cropped.tif,51NWWDn7b1SfJTuJ.tif
tk_image_182_cubert_cubert_cropped.tif,ksfvhFuQCtLGuHmx.tif
bp_image_207_cubert_cubert_cropped.tif,2HNUvvv0ORo5cnXv.tif
ck_image_49_cubert_cubert_cropped.tif,4zvBSJ6fdOBUNjOy.tif
bp_image_113_cubert_cubert_cropped.tif,7SkY62VZ7juUqEbg.tif
bp_image_81_cubert_cubert_cropped.tif,khEq38Nvn8G3wrVg.tif
bp_image_212_cubert_cubert_cropped.tif,NDWhUrb9vLrTqfrH.tif
bp_image_114_cubert_cubert_cropped.tif,pG54gpid9z5RzN50.tif
bp_image_121_cubert_cubert_cropped.tif,6Bn4whAzhjm3X3U2.tif
bp_image_142_cubert_cubert_cropped.tif,JfZ980ume2N4DKWS.tif
bp_image_123_cubert_cubert_cropped.tif,XpQ5DX3whMANi3K6.tif
bp_image_175_cubert_cubert_cropped.tif,3kP2n7MFGKaOPCi0.tif
tk_image_76_cubert_cubert_cropped.tif,5B5UKFG8KHdLasqm.tif
tk_image_92_cubert_cubert_cropped.tif,XxwxyF6xKCyKX2tj.tif
bp_image_226_cubert_cubert_cropped.tif,4ieXEaFguOPNE0ho.tif
tk_image_11_cubert_cubert_cropped.tif,iWcCc1RXGvKxY7eE.tif
ck_image_44_cubert_cubert_cropped.tif,OJw1HFwucVB3MHuL.tif
tk_image_184_cubert_cubert_cropped.tif,DKNkwOkvrSa9DqR5.tif
tk_image_57_cubert_cubert_cropped.tif,tMuAbog0PchBaZdH.tif
bp_image_44_cubert_cubert_cropped.tif,sDMNE4LR9XjjEoOQ.tif
tk_image_170_cubert_cubert_cropped.tif,zS6Gk6SL8AGdTlHh.tif
bp_image_143_cubert_cubert_cropped.tif,7VVCv91lbIcFLbc0.tif
bp_image_157_cubert_cubert_cropped.tif,Xmax0XTOLDZk1KOY.tif
tk_image_140_cubert_cubert_cropped.tif,tdCDmJNLc4UG7NID.tif
tk_image_123_cubert_cubert_cropped.tif,HuwPU427DzNCjgjl.tif
bp_image_20_cubert_cubert_cropped.tif,tRVyBzNF2Wt3561R.tif
tk_image_43_cubert_cubert_cropped.tif,6vQ7hkUew88WxxdO.tif
bp_image_41_cubert_cubert_cropped.tif,H6UQkczEBqoCV6Bo.tif
bp_image_19_cubert_cubert_cropped.tif,20scckfD73MuQs8x.tif
tk_image_40_cubert_cubert_cropped.tif,TktSEVrV2fNnx56i.tif
bp_image_178_cubert_cubert_cropped.tif,vANghLpehafmEf2E.tif
bp_image_134_cubert_cubert_cropped.tif,wtmWUVCjLsHZKcwF.tif
tk_image_115_cubert_cubert_cropped.tif,KDZ06c2o7BNyqfcB.tif
ck_image_64_cubert_cubert_cropped.tif,KetBiSltoCaNRYC6.tif
tk_image_65_cubert_cubert_cropped.tif,Aob2mzM6TwRpW71Z.tif
bp_image_75_cubert_cubert_cropped.tif,PdJvO71mpxxAIyPQ.tif
bp_image_172_cubert_cubert_cropped.tif,WK3R7Dl0i9sVScoh.tif
bp_image_83_cubert_cubert_cropped.tif,gIUUgFIYhvdkuO1a.tif
bp_image_170_cubert_cubert_cropped.tif,Bfenk3KMleFUJPig.tif
tk_image_180_cubert_cubert_cropped.tif,6BFB1ybUyvRpxSck.tif
bp_image_181_cubert_cubert_cropped.tif,E4M0thdo4k0givG5.tif
bp_image_210_cubert_cubert_cropped.tif,buKvrjOpv9nDpmLW.tif
tk_image_174_cubert_cubert_cropped.tif,EDr9DAWqUAKAl7TN.tif
tk_image_102_cubert_cubert_cropped.tif,qXq2euH9NwtQcQqG.tif
tk_image_120_cubert_cubert_cropped.tif,WflZwA0sDPSFmcCD.tif
bp_image_147_cubert_cubert_cropped.tif,AXlk043DhCfNwh6D.tif
bp_image_149_cubert_cubert_cropped.tif,ssnszj4G3tBnOBQi.tif
ck_image_45_cubert_cubert_cropped.tif,Nnc96T4IIvcWQ22B.tif
tk_image_163_cubert_cubert_cropped.tif,BKaDm7GyCx6yfPvE.tif
bp_image_154_cubert_cubert_cropped.tif,Dz01YZso5Xn386au.tif
tk_image_117_cubert_cubert_cropped.tif,1xfyNILr5ueM4ajT.tif
tk_image_151_cubert_cubert_cropped.tif,mpnjluFw04XqUAiI.tif
bp_image_102_cubert_cubert_cropped.tif,DJMcaPC4LhwFPVkc.tif
tk_image_3_cubert_cubert_cropped.tif,sHbcO6cEcrcn5X1m.tif
tk_image_48_cubert_cubert_cropped.tif,0sl5CO8vMtiB2JAB.tif
bp_image_166_cubert_cubert_cropped.tif,Zy0fFfNjq0vpwlja.tif
bp_image_200_cubert_cubert_cropped.tif,nvLkYmdElNnFp2aO.tif
ck_image_67_cubert_cubert_cropped.tif,Mhx3UcJnn9aB4D4e.tif
bp_image_183_cubert_cubert_cropped.tif,Efc95bnJf0LTBMhR.tif
